Name,Term,ES,NES,NOM p-val,FDR q-val,FWER p-val,Tag %,Gene %,Lead_genes
prerank,HALLMARK_ANGIOGENESIS,0.7515398567998055,1.4404764478535528,0.0,0.0,0.0,9/36,3.51%,TIMP1;COL3A1;LUM;CXCL6;VTN;STC1;VEGFA;FSTL1;TNFRSF21
prerank,HALLMARK_TGF_BETA_SIGNALING,0.5580150829841672,1.2381198682280952,0.0,1.0,0.005,14/54,9.73%,SERPINE1;BMP2;NOG;SPTBN1;BCAR3;ID2;ID1;CDKN1C;SMAD3;ID3;RHOA;FKBP1A;PPP1R15A;TJP1
prerank,HALLMARK_PANCREAS_BETA_CELLS,-0.6567745350294051,-1.0436825281477171,0.385929648241206,1.0,1.0,15/40,26.07%,CHGA;FOXA2;SYT13;PAX6;NKX6-1;PCSK2;PKLR;IAPP;INSM1;PDX1;NEUROG3;INS;SST;LMO2;MAFB
prerank,HALLMARK_ANDROGEN_RESPONSE,0.3899330264353234,1.0,1.0,0.5558333333333334,0.021,28/100,10.69%,B2M;SAT1;KRT19;KRT8;ALDH1A3;SELENOP;LMAN1;NDRG1;MAF;ADAMTS1;NKX3-1;ARID5B;UAP1;B4GALT1;PGM3;DNAJB9;VAPA;SGK1;PDLIM5;SEC24D;STEAP4;ELOVL5;PTPN21;TSC22D1;SMS;PLPP1;MYL12A;TMEM50A
prerank,HALLMARK_ESTROGEN_RESPONSE_EARLY,0.268599501271067,1.0,1.0,0.5558333333333334,0.021,47/200,10.35%,KRT18;KRT19;KRT8;IGFBP4;CALB2;IL6ST;CA12;ELOVL2;CXCL12;HSPB8;SLC16A1;B4GALT1;TPBG;SEC14L2;SLC7A2;GJA1;CCN5;PRSS23;NBL1;SEMA3B;BLVRB;SLC2A1;PAPSS2;STC2;PDLIM3;CYP26B1;NPY1R;SH3BP5;MAST4;MAPT;SYNGR1;TGM2;REEP1;DHRS3;ELOVL5;NHERF1;PODXL;SLC1A1;FLNB;UGCG;BHLHE40;PTGES;RETREG1;PLAAT3;SOX3;ABAT;TUBB2B
prerank,HALLMARK_MYC_TARGETS_V1,0.46561318547531577,1.0,1.0,0.5558333333333334,0.021,35/200,12.87%,RPL34;LDHA;RPL18;RPL6;RPS5;RPS6;RPS2;RPL14;RPLP0;RACK1;NPM1;PGK1;YWHAE;SLC25A3;PRDX4;VDAC1;EIF4G2;CANX;ODC1;AP3S1;PSMD3;EEF1B2;HDDC2;PRDX3;YWHAQ;RAD23B;SRM;PSMD8;PSMA2;EIF4A1;ERH;EIF1AX;EIF2S2;CDK4;RAN
prerank,HALLMARK_XENOBIOTIC_METABOLISM,0.3396139700972717,1.0,1.0,0.5558333333333334,0.021,56/199,9.97%,MT2A;SERPINE1;IGFBP4;VTN;IGFBP1;PTGDS;IL1R1;CYB5A;CFB;AOX1;RBP4;HSD11B1;FBLN1;UGDH;HSD17B2;CYP26A1;GCKR;IGF1;MPP2;MAOA;SLC22A1;ACSM1;FAS;PROS1;AKR1C2;VNN1;PTGR1;BLVRB;ID2;BCAT1;PAPSS2;MAN1A1;PDLIM5;SMOX;ALDH9A1;CROT;PMM1;UPP1;ADH5;BCAR1;FMO1;TDO2;ELOVL5;TNFRSF1A;ACOX2;TMBIM6;PGRMC1;CYP2J2;SSR3;SLC12A4;PTGES;NINJ1;TMEM176B;GSTO1;GSTA3;ARG2
prerank,HALLMARK_GLYCOLYSIS,0.3256413510275244,1.0,1.0,0.5558333333333334,0.021,60/200,8.68%,DCN;LDHA;HSPA5;IGFBP3;ANGPTL4;ENO1;IER3;CYB5A;UGP2;MIF;PLOD2;TPI1;ERO1A;STC1;GAL3ST1;VEGFA;EGFR;GPC3;FAM162A;HS2ST1;GYS2;ADORA2B;LHX9;EGLN3;QSOX1;P4HA1;B4GALT1;TPBG;P4HA2;DPYSL4;HK2;ANG;TXN;ABCB6;COL5A1;VLDLR;PGK1;PGAM1;ENO2;AK4;PGM2;PPFIA4;SPAG4;STC2;B4GALT4;KDELR3;HDLBP;DDIT4;MXI1;CACNA1H;NOL3;ALDH9A1;CHPF;GMPPA;MET;PYGL;GYS1;GPC1;GFPT1;MIOX
prerank,HALLMARK_PROTEIN_SECRETION,0.44947916699456775,1.0,1.0,0.5558333333333334,0.021,38/96,16.18%,KRT18;CD63;LMAN1;BNIP3;EGFR;CAV2;GNAS;AP2M1;AP2S1;SEC24D;TOM1L1;DST;SH3GL2;AP3S1;RAB9A;TMED2;SEC31A;TMED10;RAB2A;RER1;COPB1;BET1;RPS6KA3;AP2B1;COPB2;STAM;SEC22B;CLN5;ARFGAP3;VAMP3;SOD1;ATP1A1;USO1;SCAMP1;CLCN3;PAM;COPE;ARCN1
prerank,HALLMARK_P53_PATHWAY,0.3235860396314318,1.0,1.0,0.5558333333333334,0.021,44/200,11.24%,S100A10;RPL36;RPS12;SAT1;PROCR;NUPR1;IER3;TM4SF1;NDRG1;RPL18;CLCA2;BMP2;RPS27L;FAM162A;RACK1;LIF;IL1A;DRAM1;CD81;FAS;GPX2;JUN;DDIT4;HINT1;AK1;PMM1;UPP1;ZFP36L1;RGS16;TSC22D1;PPP1R15A;SEC61A1;DDIT3;NINJ1;ABAT;GADD45A;OSGIN1;RRAD;CD82;CTSF;FOXO3;ABHD4;FDXR;TAX1BP3
prerank,HALLMARK_UNFOLDED_PROTEIN_RESPONSE,0.5904192280058083,1.0,1.0,0.5558333333333334,0.021,38/113,15.55%,HSP90B1;HSPA5;IGFBP1;CALR;RPS14;ERO1A;VEGFA;CEBPB;PDIA6;TUBB2A;NPM1;DNAJB9;EIF4EBP1;STC2;KDELR3;DDIT4;SHC1;EEF2;BAG3;DNAJC3;SEC31A;SEC11A;YIF1A;ERN1;CCL2;EIF4A1;PDIA5;NFYB;ATF4;FKBP14;NABP1;HYOU1;SRPRB;TSPYL2;IMP3;SERP1;ATF3;ZBTB17
prerank,HALLMARK_MTORC1_SIGNALING,0.4914908841743714,1.0,1.0,0.5558333333333334,0.021,49/200,12.77%,GAPDH;HSP90B1;LDHA;HSPA5;NAMPT;ENO1;NUPR1;CALR;PLOD2;TPI1;ERO1A;STC1;SERPINH1;EGLN3;SQSTM1;P4HA1;GBE1;PGM1;HK2;VLDLR;PGK1;SLC2A1;BCAT1;NFIL3;AK4;DDIT4;FKBP2;WARS1;PHGDH;ATP6V1D;MLLT11;CANX;ELOVL5;NHERF1;UFM1;PPP1R15A;DDIT3;BHLHE40;TXNRD1;CTH;SEC11A;SLC2A3;FDXR;PDK1;ALDOA;EIF2S2;CDKN1A;PSMB5;CCNG1
prerank,HALLMARK_COMPLEMENT,0.376322901136029,1.0,1.0,0.5558333333333334,0.021,27/200,4.80%,TIMP1;C3;C1R;PLAT;SERPINE1;MT3;C1S;HSPA5;SERPINB2;SERPING1;CXCL1;ANXA5;IL6;CFH;CFB;DPP4;C2;LGALS3;CEBPB;F3;SERPINC1;F7;HSPA1A;LTF;ANG;TFPI2;ZFPM2
prerank,HALLMARK_OXIDATIVE_PHOSPHORYLATION,0.4989588033238766,1.0,1.0,0.5558333333333334,0.021,78/200,21.35%,LDHA;CYB5A;MAOB;NDUFA4;COX7C;GPX4;SLC25A3;ACADVL;ACAA2;BDH2;ATP6V0E1;DECR1;VDAC1;OAT;NDUFC1;ATP6V1D;UQCRB;CYB5R3;COX4I1;UQCR11;ISCA1;ATP1B1;SLC25A4;ETFB;ATP5PD;NDUFV2;UQCRQ;BCKDHA;PRDX3;TIMM13;MTRR;MDH1;TIMM8B;ATP5F1D;NDUFB1;ETFDH;ATP5MC2;UQCR10;PDHB;ATP5PF;ALDH6A1;VDAC2;MGST3;HADHB;SUCLG1;NDUFA1;ECH1;NDUFB4;GRPEL1;COX7B;CASP7;RETSAT;NDUFS4;SLC25A6;HTRA2;NQO2;ATP6V0C;ATP5ME;NDUFA6;ATP6V1E1;NDUFA5;NDUFB8;COX7A2;ISCU;GPI;SUCLA2;TIMM17A;FXN;ATP6V1G1;POLR2F;ABCB7;UQCRC2;COX6B1;TIMM9;ACAA1;SDHD;PDHX;NDUFB2
prerank,HALLMARK_HYPOXIA,0.6162951068453463,1.0,1.0,0.5558333333333334,0.021,76/200,6.66%,MT2A;GAPDH;MT1E;SERPINE1;PLIN2;DCN;LOX;LDHA;HSPA5;ANXA2;IGFBP3;ANGPTL4;IGFBP1;CA12;ENO1;IER3;IL6;HAS1;UGP2;CAV1;LXN;MIF;NDRG1;ADM;ERRFI1;TPI1;ERO1A;WSB1;BNIP3L;STC1;CAVIN1;VEGFA;TMEM45A;EGFR;GPC3;FAM162A;F3;PYGM;ADORA2B;PNRC1;P4HA1;PPP1R3C;TPBG;P4HA2;GBE1;CAVIN3;PGM1;DPYSL4;HK2;CCN5;NOCT;PRDX5;DTNA;COL5A1;VLDLR;PGK1;TGFB3;SELENBP1;SLC2A1;ENO2;NFIL3;AK4;PGM2;PPFIA4;STBD1;JUN;PIM1;CDKN1C;STC2;KDELR3;SDC4;HDLBP;DDIT4;MXI1;INHA;ALDOC
prerank,HALLMARK_FATTY_ACID_METABOLISM,0.28174661756096575,1.0,1.0,0.5558333333333334,0.021,27/158,8.36%,LGALS1;S100A10;LDHA;MIF;INMT;OSTC;FABP2;ALDH1A1;UGDH;PRDX6;CIDEA;MAOA;G0S2;VNN1;AQP7;ENO2;ACADVL;ACAA2;DECR1;ACSL4;ALDH9A1;CBR3;ECI2;FMO1;ODC1;TDO2;ELOVL5
prerank,HALLMARK_APOPTOSIS,0.503685083115722,1.0,1.0,0.5558333333333334,0.021,29/160,6.25%,TIMP1;PLAT;SOD2;DCN;KRT18;SAT1;LUM;IGFBP6;ANXA1;IFITM3;IER3;IL6;CAV1;BMP2;BNIP3L;TNFRSF12A;LGALS3;LMNA;SQSTM1;IL1A;FAS;BCL2L10;GPX4;ENO2;FEZ1;HSPB1;JUN;EMP1;SPTAN1
prerank,HALLMARK_TNFA_SIGNALING_VIA_NFKB,0.4476591945535252,1.0,1.0,0.5558333333333334,0.021,65/200,11.93%,SERPINE1;SOD2;SAT1;EIF1;SERPINB2;NAMPT;CXCL6;IL6ST;CXCL1;IER3;IL6;PTX3;BMP2;CXCL2;GFPT2;VEGFA;CEBPD;CEBPB;F3;TNFAIP6;SPSB1;SQSTM1;LIF;PNRC1;B4GALT1;IL1A;DRAM1;TUBB2A;MSC;GEM;FOSL1;G0S2;ID2;NFIL3;PTGS2;JUN;SDC4;ICAM1;PHLDA2;NFKBIA;SGK1;PDLIM5;CCN1;CCL20;SMAD3;SLC2A6;TSC22D1;MAFF;PPP1R15A;KLF9;BHLHE40;NINJ1;RCAN1;BTG3;GADD45A;FOSL2;TNFRSF9;RHOB;SLC2A3;CLCF1;PANX1;CCL2;ZC3H12A;ACKR3;MAP3K8
prerank,HALLMARK_EPITHELIAL_MESENCHYMAL_TRANSITION,0.6574822318204132,1.0,1.0,0.5558333333333334,0.021,88/200,8.21%,TIMP1;LGALS1;COL3A1;VIM;SERPINE1;DCN;SAT1;LOX;SPARC;NNMT;PPIB;LUM;IGFBP3;MGP;CXCL6;IGFBP4;ABI3BP;IGFBP2;CXCL1;IL6;CALD1;DAB2;GAS1;PLOD2;CXCL12;PTX3;TPM2;FBLN1;SERPINE2;VCAM1;TPM1;CXCL8;VEGFC;SLIT3;EMP3;VEGFA;TNFRSF12A;COL6A2;SERPINH1;RGS4;FGF2;EFEMP2;TNFRSF11B;QSOX1;NID2;FSTL1;FSTL3;PMP22;APLP1;FERMT2;DKK1;GJA1;LOXL2;GEM;FAS;TFPI2;COL5A1;ID2;PCOLCE2;ENO2;PDLIM4;SGCB;FMOD;ITGB3;MEST;THY1;CALU;JUN;CDH11;MYLK;FBLN2;SDC4;SNAI2;COL5A2;SPOCK1;CAP2;SLIT2;DPYSL3;THBS2;ITGA5;CCN1;TGM2;MATN2;TIMP3;BMP1;ECM2;SGCG;GPC1
prerank,HALLMARK_ADIPOGENESIS,0.45506805447404436,1.0,1.0,0.5558333333333334,0.021,61/200,15.29%,C3;ADIPOQ;PLIN2;ANGPTL4;UBC;MRAP;ENPP2;PTGER3;HSPB8;LAMA4;CAVIN1;ITIH5;LEP;APLP2;CAVIN2;CIDEA;GBE1;PGM1;CD151;DNAJB9;GPX4;RAB34;ACAA2;MYLK;DECR1;TST;CMBL;SCP2;UQCR11;MTARC2;ETFB;GADD45A;UQCRQ;SULT1A1;BCKDHA;ORM1;PIM3;PRDX3;BCL2L13;CRAT;CCNG2;ALDOA;RIOK3;PHLDB1;FAH;DHRS7;UQCR10;JAGN1;MGST3;ACADS;SUCLG1;ITSN1;VEGFB;NABP1;SOD1;ECH1;GRPEL1;COX7B;RNF11;NMT1;STOM
prerank,HALLMARK_COAGULATION,0.35212209430484614,1.0,1.0,0.5558333333333334,0.021,26/138,4.99%,TIMP1;C3;C1R;PLAT;SERPINE1;C1S;SPARC;SERPINB2;ANXA1;SERPING1;CFH;CFB;FGG;MST1;DPP4;CFI;C2;F3;SERPINC1;ANG;PRSS23;TFPI2;PROS1;GNG12;ARF4;CTSE
prerank,HALLMARK_INTERFERON_GAMMA_RESPONSE,0.4276126133487934,1.0,1.0,0.5558333333333334,0.021,19/199,2.84%,MT2A;B2M;C1R;SOD2;C1S;NAMPT;HLA-B;SERPING1;IFITM3;IL6;CFH;CFB;VCAM1;HLA-A;ARID5B;IFI27;LY6E;LGALS3BP;TNFAIP6
prerank,HALLMARK_G2M_CHECKPOINT,0.4377625059696682,1.0,1.0,0.5558333333333334,0.021,1/198,0.01%,MT2A
prerank,HALLMARK_MITOTIC_SPINDLE,0.2587297570850203,1.0,1.0,0.5558333333333334,0.021,199/199,74.29%,EZR;SPTBN1;CDC42EP2;CDC42EP1;YWHAE;SORBS2;SPTAN1;PDLIM5;WASF1;CNTROB;CTTN;BCAR1;ABL1;PKD2;DST;MYH10;ARHGAP29;FLNB;ARHGAP5;CLIP1;BCR;UXT;FSCN1;SHROOM1;ANLN;ITSN1;RFC1;FGD6;PPP4R2;NOTCH2;FLNA;ALS2;CDC42;GEMIN4;WASL;KIF22;VCL;ARFIP2;KATNB1;PXN;SHROOM2;ARHGAP10;PAFAH1B1;RAB3GAP1;LLGL1;CDC27;TSC1;MARK4;NCK1;KATNA1;ARHGDIA;STAU1;SYNPO;MYO1E;NF1;DYNC1H1;KIF1B;CDC42BPA;TAOK2;ARHGEF12;DLGAP5;KLC1;KPTN;SOS1;CAPZB;RHOT2;CDC42EP4;ARL8A;RICTOR;ARHGEF2;ARHGEF7;TUBGCP5;TUBGCP2;PCM1;BIRC5;KIFAP3;RABGAP1;KIF3C;KIF3B;RALBP1;HOOK3;TRIO;WASF2;CLASP1;RANBP9;CLIP2;MAP1S;DLG1;ARHGEF3;CEP57;LATS1;APC;PLK1;CSNK1D;TUBGCP6;CYTH2;ACTN4;TOP2A;FBXO5;ALMS1;SMC3;CDK5RAP2;ABR;OPHN1;DYNLL2;ARAP3;RACGAP1;PCGF5;ARFGEF1;HDAC6;RASA1;CCNB2;CD2AP;MAP3K11;ATG4B;CEP192;PCNT;KIF5B;TUBD1;CEP250;CKAP5;TUBGCP3;SAC3D1;PIF1;NUMA1;CENPJ;LRPPRC;NCK2;MID1IP1;KIF23;NUSAP1;TTK;MAPRE1;MYO9B;ECT2;TLK1;FARP1;ARHGEF11;PALLD;CEP131;MID1;TPX2;NDC80;ESPL1;KIF4A;PRC1;NIN;CCDC88A;MARCKS;EPB41;SMC1A;KIF11;SSH2;CENPE;ABI1;KIF20B;SUN2;ARF6;BRCA2;KIF15;MYH9;AURKA;EPB41L2;TUBA4A;BIN1;RASA2;AKAP13;ROCK1;DOCK4;RASAL2;CDK1;CENPF;KNTC1;NEK2;BCL2L11;RAPGEF6;SASS6;TBCD;LMNB1;STK38L;CNTRL;INCENP;SMC4;PLEKHG2;RAPGEF5;CEP72;GSN;NEDD9;KIF2C;BUB1;SEPTIN9;ARHGAP27;NET1;FGD4;RHOF;TIAM1;ARHGAP4;DOCK2;PREX1
prerank,HALLMARK_INTERFERON_ALPHA_RESPONSE,0.4291804066338326,1.0,1.0,0.5558333333333334,0.021,9/97,3.35%,B2M;C1S;IFITM3;PROCR;HLA-C;IFI27;LY6E;LGALS3BP;IFITM2
prerank,HALLMARK_UV_RESPONSE_DN,0.5266872971735678,1.0,1.0,0.5558333333333334,0.021,36/144,9.73%,MT1E;COL3A1;SERPINE1;ANXA2;EFEMP1;DAB2;CAV1;CDON;RGS4;F3;ADORA2B;PMP22;RND3;PTGFR;GJA1;VLDLR;GCNT1;ITGB3;ID1;ATP2B4;RBPMS;SNAI2;COL5A2;CAP2;PDLIM5;SCN8A;CCN1;TFPI;MET;SMAD3;PTPN21;LPAR1;ACVR2A;BHLHE40;ANXA4;TJP1
prerank,HALLMARK_KRAS_SIGNALING_DN,-0.6002242594097907,-0.9810778978589452,0.681,1.0,1.0,71/198,26.90%,SCGB1A1;IFNG;CALML5;CD40LG;TCL1A;TFF2;MEFV;PNMT;GRID2;ATP6V1B1;CAPN9;UGT2B17;KLHDC8A;CD207;CDH16;SLC12A3;CKM;TEX15;CCR8;SMPX;CALCB;AKR1B10;NOS1;CACNA1F;SLC30A3;COL2A1;KRT1;ACTC1;SLC5A5;SPRR3;PCDHB1;EDAR;BRDT;P2RX6;SLC6A14;WNT16;CACNG1;KCNE2;ALOX12B;FGF16;IRS4;CLDN8;EPHA5;PRODH;MYH7;CLPS;ABCB11;NGB;IL5;KCNQ2;CHRNG;HTR1B;VPREB1;PAX3;PROP1;HTR1D;MYOT;SERPINA10;GP2;CLDN16;EDN1;SIDT1;SHOX2;TNNI3;PLAG1;NR6A1;NR4A2;ADRA2C;TENT5C;TFCP2L1;CELSR2
prerank,HALLMARK_REACTIVE_OXYGEN_SPECIES_PATHWAY,0.408755652827564,0.969853622309215,0.6666666666666666,0.6274038461538461,0.025,28/49,17.93%,SOD2;PDLIM1;MGST1;PRDX6;FTL;SRXN1;TXN;GPX4;PRDX4;SELENOS;ATOX1;PRDX2;TXNRD1;PRNP;EGLN2;NQO1;MSRA;SBNO2;HMOX2;ABCC1;SOD1;NDUFB4;GLRX2;LAMTOR5;OXSR1;NDUFA6;ERCC2;G6PD
prerank,HALLMARK_HEME_METABOLISM,-0.546011207732285,-0.8906545521613343,0.955,1.0,1.0,19/198,11.31%,CA1;AHSP;SLC4A1;XK;GYPB;GYPA;KLF1;ALAS2;MYL4;RHAG;GYPE;FTCD;SPTA1;TRIM10;EPB42;GATA1;HBZ;SLC30A10;TSPO2
prerank,HALLMARK_SPERMATOGENESIS,-0.5157305583516445,-0.839932804279386,0.974,1.0,1.0,30/134,27.45%,DPEP3;NOS1;DMRT1;TUBA3C;NAA11;HBZ;SCG3;SYCP1;H1-6;PAPOLB;GRM8;ZPBP;HOXB1;GAPDHS;ACRV1;GPR182;CST8;TSSK2;DDX4;AKAP4;TNP2;MEP1B;GFI1;TNNI3;CLGN;CAMK4;NCAPH;NEFH;YBX2;CCNA1
prerank,HALLMARK_HEDGEHOG_SIGNALING,-0.5256498568702076,-0.8348866001026068,0.9221435793731041,1.0,1.0,15/36,34.02%,NKX6-1;SHH;GLI1;PLG;HEY2;ADGRG1;RTN1;AMOT;CDK5R1;NRP1;NRCAM;CELSR1;SCG2;TLE3;MYH9
prerank,HALLMARK_PEROXISOME,-0.5000146594030354,-0.8126592009333758,0.971,1.0,1.0,7/104,6.06%,SCGB1A1;SULT2B1;ALB;UGT2B17;RXRG;DIO1;NR1I2
prerank,HALLMARK_CHOLESTEROL_HOMEOSTASIS,0.28207293387914056,0.8024972131920909,1.0,0.9174382716049383,0.038,17/74,10.85%,ACTG1;ANXA5;S100A11;ERRFI1;TNFRSF12A;LGALS3;PNRC1;SEMA3B;GPX8;NFIL3;ALDOC;GNAI1;ETHE1;LSS;CLU;HSD17B7;ANXA13
prerank,HALLMARK_UV_RESPONSE_UP,0.28025162484935917,0.8004885563920625,1.0,0.90625,0.039,35/158,10.78%,ONECUT1;SOD2;IL6ST;IGFBP2;IL6;BMP2;CXCL2;SQSTM1;MAOA;HSPA2;BSG;ENO2;CDKN1C;PDLIM3;ICAM1;PLCL1;NFKBIA;CLTB;AP2S1;C4BPB;TST;FMO1;TMBIM6;TYRO3;SELENOW;DNAJA1;BTG3;APOM;SLC25A4;HSPA13;SULT1A1;RRAD;CCK;UROD;RHOB
prerank,HALLMARK_APICAL_JUNCTION,-0.46189135052841485,-0.7554428924101891,1.0,1.0,1.0,23/200,16.68%,CLDN6;CLDN5;CLDN9;CX3CL1;CD209;ITGA10;CADM2;ATP1A3;PPP2R2C;ADAM23;CDSN;SLC30A3;AMH;DMP1;ACTC1;CLDN19;NRAP;ADRA1B;CLDN18;CLDN8;ACTA1;KRT31;ACTN3
prerank,HALLMARK_MYOGENESIS,-0.4566599283244888,-0.7479295644036714,0.998,1.0,1.0,27/200,19.11%,SPDEF;CHRNA1;PGAM2;MYOM1;GNAO1;TNNI1;CKM;MYL4;MYBPH;NOS1;ATP2A1;SGCA;ACTC1;CASQ1;HRC;MYL2;CASQ2;CACNG1;MYL7;ACTA1;SLN;MYH7;KCNH1;ACTN3;MYH8;MYOG;CHRNG
prerank,HALLMARK_WNT_BETA_CATENIN_SIGNALING,-0.46670603645687925,-0.7412886286897431,0.973816717019134,1.0,1.0,12/42,33.80%,DKK4;WNT1;HEY2;WNT6;LEF1;NOTCH4;NOTCH1;JAG2;NKD1;FRAT1;WNT5B;TCF7
prerank,HALLMARK_ALLOGRAFT_REJECTION,-0.4440165984787005,-0.7273587740214719,1.0,1.0,1.0,87/200,28.74%,PRF1;CD8B;ITK;SIT1;IFNG;STAT4;TRAT1;ZAP70;FASLG;CCL11;CD40LG;IL18RAP;NCR1;CARTPT;CCL22;CCL13;HLA-DRA;IL2;PRKCG;CD74;KRT1;IL4;NOS2;F2;RPL3L;IL13;CD2;CCL4;CD3G;GZMA;CD3E;LTB;SRGN;LCK;CCL5;CD8A;CXCL13;CD96;PTPRC;IL2RB;HLA-DQA1;CD79A;CFP;CD3D;MAP4K1;CXCR3;STAB1;CD247;ITGAL;CCR2;CDKN2A;FYB1;CTSS;TNF;HCLS1;IL2RA;IL12RB1;ITGB2;GPR65;GZMB;KLRD1;HLA-DOB;CCL19;IL2RG;HLA-DMB;INHBB;CD28;CD4;LY86;LCP2;IGSF6;CRTAM;IL1B;PTPN6;ST8SIA4;IRF8;HLA-DOA;HLA-DMA;IL12A;WAS;IRF4;CSK;SPI1;CCR1;IL27RA;NLRP3;CCR5
prerank,HALLMARK_MYC_TARGETS_V2,-0.45323433895562537,-0.7265690389687353,0.983983983983984,1.0,1.0,1/58,0.45%,SLC29A2
prerank,HALLMARK_BILE_ACID_METABOLISM,-0.4251045274228286,-0.6926170551798737,0.994,1.0,1.0,21/112,27.64%,SLCO1A2;SULT1B1;SULT2B1;KLF1;RXRG;DIO1;NR1I2;GC;AKR1D1;CYP8B1;AGXT;TTR;NR1H4;LCK;DIO2;BBOX1;ABCD2;TFCP2L1;CH25H;PIPOX;RBP1
prerank,HALLMARK_PI3K_AKT_MTOR_SIGNALING,-0.4084616381275413,-0.6610655651728975,0.999,1.0,1.0,6/105,9.78%,FASLG;GNGT1;PITX2;FGF17;ADCY2;IL4
prerank,HALLMARK_IL2_STAT5_SIGNALING,-0.4043230518262295,-0.6590616621991058,1.0,1.0,1.0,53/199,29.48%,TNFRSF4;CTLA4;EOMES;SLC29A2;CCR4;SELP;F2RL2;CAPN3;CSF2;GATA1;GPR83;IL13;SPP1;LTB;S100A1;CD79B;IL2RB;ICOS;CST7;BATF;TNFRSF18;RHOH;MUC1;LRIG1;IL2RA;GPR65;TLR7;SELL;CD48;CISH;IL10RA;SYNGR2;CTSZ;PRKCH;FGL2;IRF8;CD83;HOPX;TNFSF10;IRF4;SCN9A;LRRC8C;TIAM1;GUCY1B1;BCL2;PTGER2;ALCAM;IKZF2;NRP1;DRC1;ETV4;IRF6;IL3RA
prerank,HALLMARK_E2F_TARGETS,-0.4022254725898275,-0.6569552945018208,1.0,1.0,1.0,118/200,43.36%,KIF18B;CDKN2A;ASF1B;DSCC1;LBR;KIF2C;HMGB2;MYBL2;TACC3;TMPO;TCF19;RAD51AP1;BARD1;MCM7;CCNE1;MTHFD2;GINS1;ORC6;EZH2;MSH2;DCK;SMC4;PLK4;DNMT1;AURKB;CENPM;CDCA8;LMNB1;ATAD2;POLE;HELLS;SPC25;MKI67;BRCA1;CDK1;MCM4;BUB1B;HMGB3;UBE2T;DEK;RNASEH2A;GINS4;RRM2;MCM2;AURKA;CKS1B;BRCA2;NUP107;HMGA1;MCM3;CSE1L;CENPE;RFC3;MMS22L;STMN1;TIMELESS;NASP;MCM5;H2AZ1;SMC1A;PDS5B;PCNA;CDKN1B;ING3;KIF4A;ESPL1;LYAR;RAD21;RPA1;NUP205;PNN;DDX39A;EED;SPAG5;ANP32E;TFRC;CIT;PRKDC;CTPS1;CDCA3;DCLRE1B;SNRPB;SPC24;LIG1;POLA2;CTCF;PSIP1;GINS3;POLD1;SMC6;DEPDC1;POLD3;USP1;MAD2L1;PRIM2;MRE11;UBR7;TP53;SHMT1;NCAPD2;CDC20;RFC2;SUV39H1;ORC2;NUP153;RAD1;PSMC3IP;CCP110;TK1;TRA2B;CCNB2;ASF1A;RACGAP1;RAD51C;KPNA2;DCTPP1;PA2G4;XPO1
prerank,HALLMARK_APICAL_SURFACE,-0.40943712416447686,-0.6499951100861369,0.9929506545820745,1.0,1.0,3/44,7.55%,CX3CL1;PKHD1;SLC34A3
prerank,HALLMARK_NOTCH_SIGNALING,0.25658370827171767,0.6208835008753358,1.0,1.0,0.045,32/32,74.37%,SKP1;WNT2;FZD7;SAP30;RBX1;TCF7L2;FBXW11;WNT5A;NOTCH2;DTX2;DLL1;PSENEN;PRKCA;MAML2;PSEN2;PPARD;FZD1;DTX4;KAT2A;JAG1;CUL1;APH1A;ARRB1;DTX1;FZD5;HEYL;LFNG;ST3GAL6;HES1;NOTCH3;NOTCH1;CCND1
prerank,HALLMARK_KRAS_SIGNALING_UP,-0.3464284565888263,-0.565505500351073,1.0,1.0,1.0,72/199,31.65%,RETN;PIGR;MYCN;RELN;FLT4;TPH1;CSF2;GABRA3;SCG3;USH1C;ANXA10;ARG1;NR1H4;SPP1;MMP11;IL7R;WNT7A;MAP4K1;ADGRL4;MPZL2;IKZF1;LAPTM5;CMKLR1;F13A1;IGF2;GALNT3;PCP4;CTSS;TLR8;KIF5C;FCER1G;GUCY1A1;ITGB2;CXCR4;DOCK2;PRDM1;IL2RG;LAT2;PLVAP;MAFB;LCP1;PECAM1;IL10RA;IL1B;TSPAN1;SPON1;CSF2RA;CD37;HKDC1;C3AR1;IRF8;ST6GAL1;TMEM100;PLAU;CLEC4A;TNNT2;TSPAN13;NRP1;ETV4;JUP;ENG;MAP7;ANO1;KCNN4;RABGAP1L;INHBA;ETV1;PPBP;PLEK2;SATB1;EPB41L3;ETV5
prerank,HALLMARK_IL6_JAK_STAT3_SIGNALING,-0.34364906313241017,-0.5571325764571723,0.999,1.0,1.0,25/87,30.27%,IL9R;CSF2;DNTT;INHBE;CRLF2;LTB;CXCL13;ITGA4;CD14;REG1A;TNF;IL2RA;IL12RB1;IL2RG;A2M;PIK3R5;IL1B;CSF2RA;CCR1;CD36;CSF3R;CXCL11;IL3RA;CD9;CXCL9
prerank,HALLMARK_ESTROGEN_RESPONSE_LATE,-0.3239639476736299,-0.52977885962663,1.0,1.0,1.0,58/200,31.96%,TPSAB1;SULT2B1;CACNA2D2;ST6GALNAC2;HMGCS2;CALCR;TFF1;PLAC1;CHST8;ASCL1;S100A9;BATF;SCNN1A;OVOL2;SERPINA5;GAL;PCP4;CCND1;PRLR;AREG;CISH;TJP3;ISG20;ST14;CELSR2;PTPN6;HOMER2;FOS;TRIM29;PKP3;CCNA1;SERPINA1;SCUBE2;LLGL2;LAMC2;TNNC1;TIAM1;GJB3;TFF3;BCL2;MYB;TSPAN13;DHRS2;ANXA9;TMPRSS3;CD9;SLC27A2;SLC2A8;ZFP36;SLC29A1;PLK4;STIL;FABP5;MDK;JAK2;PDZK1;CDH1;IDH2
prerank,HALLMARK_INFLAMMATORY_RESPONSE,-0.32266705041865257,-0.5275203041530799,1.0,1.0,1.0,63/200,29.01%,CXCR6;CCR7;CX3CL1;IL18RAP;KCNA3;MEFV;CCL22;CCL17;TACR1;PROK2;SELE;ROS1;OPRK1;NPFFR2;MEP1A;VIP;TACR3;LCK;CCL5;CD69;IL7R;IL2RB;RGS1;CD14;STAB1;FPR1;CYBB;EDN1;CMKLR1;RASGRP1;SLAMF1;CD70;APLNR;ADGRE1;SELL;LTA;LAMP3;CLEC5A;CD48;FFAR2;PIK3R5;LCP2;MSR1;CALCRL;IL10RA;IL1B;OLR1;P2RY2;C3AR1;PTAFR;PTGER4;GPR183;TNFSF10;BTG2;GPR132;PTGER2;C5AR1;NDP;NLRP3;SLC1A2;CSF3R;RNF144B;CXCL11
prerank,HALLMARK_DNA_REPAIR,-0.2448046963403532,-0.3994882873543721,1.0,1.0,1.0,2/150,4.40%,RAD51;BOLA2
